id,name,year,origin,mechanism,dereference,called_abstract,evidence_level,url,note,primary_family,family_name,candidate_families,deref_score,context_score,cond_a,cond_b,serious_source
m001,我的刀盾,2026,"英文短句 ""What the dog doing?"" 被空耳误听(搞笑视频博主)",空耳,完全脱义,是,H,https://tidenews.com.cn/news.html?id=3439614,潮新闻记者走访杭州小学亲读原文;央视网2026-06-13报道列其为校园高频口头禅,F1,空耳族,F1,2.0,1.0,靠近中心,形式驱动,否
m002,比比拉布,2026,"外网博主的搞笑发音/音效,无具体含义",空耳,完全脱义,是,H,https://tidenews.com.cn/news.html?id=3439614,"潮新闻原文:'起源一个外网博主的搞笑发音,没有具体含义'",F1,空耳族,F1,2.0,1.0,靠近中心,形式驱动,否
m003,哈基米,2023,"日语「はちみつ」(蜂蜜)空耳,源出《赛马娘》第二季《蜂蜜之歌》;2022-11-19 B站音MAD为关键二创节点",空耳,完全脱义,是,H,https://zh.wikipedia.org/zh-hant/%E5%93%88%E5%9F%BA%E7%B1%B3_(%E7%BD%91%E7%BB%9C%E7%94%A8%E8%AF%AD),"★语义三度迁移:蜂蜜→猫→任何小巧可爱之物,又被'爱猫TV'反向污染。是'从未有正确所指'的极端样本",F1,空耳族,F1,2.0,1.0,靠近中心,形式驱动,否
m004,刀马刀马(刀马舞),2025,2025年夏魔性BGM+手势舞全网模仿;2025年10月'瓦瓦捷风版'二次爆发,动作模仿,脱义,是,M,https://lol.dianjinghu.com/original/news/detail/99310.html,"行业自媒体,时间点明确但未查到最初原创博主(本次未查实的缺口);2026-07后被玩家赋予多重义",F2b,动作族·原生型,F2b,1.5,1.0,靠近中心,形式驱动,否
m004b,蒸蚌,2026,博主「超级无敌大开门」训猫视频中夸张夸赞「真棒!」被空耳,空耳,完全脱义,是,M,https://www.digitaling.com/articles/1561293.html,数英《2026上半年网络热词TOP30》第29条;梗源叙述属'网友说法'级,F1,空耳族,F1,2.0,1.0,靠近中心,形式驱动,否
m004c,样人笑幻,2026,东北方言「让人笑话」的谐音空耳,空耳,完全脱义,是,M,https://www.digitaling.com/articles/1561293.html,同上第28条,F1,空耳族,F1,2.0,1.0,靠近中心,形式驱动,否
m004d,我chovy(我超威),2026,演员谢孟伟(嘎子)带货直播中为规避平台规范改写脏话,谐音/回避审查,脱义,是,M,https://www.digitaling.com/articles/1561293.html,同上第20条,F3,谐音族,F3,1.5,1.0,靠近中心,形式驱动,否
m004e,你不知道我的身材很曼妙,2026,短视频答非所问式回应,句式模板,部分脱义,是,H,https://tidenews.com.cn/news.html?id=3439614,潮新闻原文列为家长被怼的口头禅,F5,句式模板族,F5,1.5,1.0,靠近中心,未编码,否
m004f,药水哥式直播整活,2017+,虎牙主播刘波直播行为艺术,行为整活,部分脱义,是,M,https://www.bianews.com/news/details?id=238808,差评文把'影流之主、奥利给'等与鬼畜区并列;行为整活族的代表,F6,行为整活族,F6,1.5,1.0,靠近中心,未编码,否
m004g,奥利给/影流之主,2019,短视频喊话与舞蹈整活,行为整活,部分脱义,是,H,https://m.thepaper.cn/newsDetail_forward_33154563,澎湃文列为当年鬼畜区各占山头的素材,F6,行为整活族,F6,1.5,1.0,靠近中心,未编码,否
m005,闪身步,2026,"安徽花鼓灯国家级非遗(2006首批)训练动作,赵铁春(中国舞协副主席)2018年前后教学视频",动作模仿,部分脱义,是,H,https://www.thepaper.cn/newsDetail_forward_34158213,"澎湃·果壳亲读;教学视频躺了八年被翻出;对舞蹈专业者是严肃教学,对短视频观众成抽象",F2a,动作族·挪用型,F2b,1.5,1.0,靠近中心,形式驱动,是
m006,狗熊哆嗦毛,2026,"山东鼓子秧歌(国家级非遗)训练动作,明文军(曾任文旅部艺术司司长)教学视频",动作模仿,部分脱义,是,H,https://www.thepaper.cn/newsDetail_forward_34158213,同上;原文'一本正经地做一件好笑的事',F2a,动作族·挪用型,F2b,1.5,1.0,靠近中心,形式驱动,是
m007,企鹅舞,2025,"网络平台舞蹈,青年集体模仿",动作模仿,弱脱义,是,M,https://www.peopleapp.com/column/30051029267-500007266040,《人民论坛》林爱珺文与'技能五子棋'并列提及,F2b,动作族·原生型,F2b,0.5,0.0,不属于,形式驱动,否
m008,技能五子棋,2025,网络平台整活玩法,行为整活,弱脱义,是,M,https://www.peopleapp.com/column/30051029267-500007266040,《人民论坛》原文并列提及,F6,行为整活族,F6,0.5,0.0,不属于,形式驱动,否
m009,刀盾狗/自制刀盾形象,2026,由'我的刀盾'衍生的自制玩偶与表情包,二创衍生,部分脱义,是,M,https://tidenews.com.cn/news.html?id=3439614,潮新闻配图显示流行口头禅的周边小玩具,F4a,复读族·人力复读,F4a,1.5,1.0,靠近中心,形式驱动,否
m010,薛甄珠找凌玲,2017→2026,"电视剧《我的前半生》(2017)薛甄珠冲到公司找凌玲的桥段,2026年翻红;网民误写作'zhenzhu找小三'",台词复用,部分脱义,是,H,https://k.sina.cn/article_7517400647_1c0126e47059096y9k.html,"今晚报《网络新词语》专栏(2026-09-08);百度百科已单独立条。**非网络原生梗**,是电视剧桥段翻红",F4a,复读族·人力复读,F4a,1.5,1.0,靠近中心,意义驱动,否
m011,华强买瓜,2021→2026,2003年电视剧《征服》第9集刘华强买瓜片段(孙红雷),AI二创/台词复用,半脱义,是,H,https://m.thepaper.cn/newsDetail_forward_33154563,"2026年靠AI视频生成翻红,成'什么都能往里装的故事容器';B站近月登热门200余次",F4c,复读族·生成式复读,F4c|F4a,1.5,1.0,靠近中心,形式驱动,否
m012,雪山救狐狸,2026,"2026年春节AI短片,'你是否在雪山上救过一只狐狸'",AI二创,半脱义,是,H,https://m.thepaper.cn/newsDetail_forward_33154563,"#酱板鸭#话题累计播放破50亿;48小时内3000多条衍生变体,后沦为'数字泔水'",F4c,复读族·生成式复读,F4c,1.5,1.0,靠近中心,形式驱动,否
m013,何意味,2026,日语'什么意思'的汉字直译式借用,谐音/外来借用,完全脱义,是,H,https://tidenews.com.cn/news.html?id=3439614,潮新闻报道列为最新款口头禅;有家长模仿反被孩子斥'你不懂就别问',F3,谐音族,F3|F1,2.0,1.0,靠近中心,形式驱动,否
m014,那咋了,2026,"短视频口头禅,万能应答句式",句式模板,弱脱义,是,H,http://sdxw.iqilu.com/share/YS0yMS0xNzI0OTc4OA.html,央视网2026-06-13报道点名'那咋了''受着呗',F5,句式模板族,F5,0.5,0.0,不属于,形式驱动,否
m015,受着呗,2026,"短视频口头禅,与'那咋了'配套",句式模板,弱脱义,是,H,http://sdxw.iqilu.com/share/YS0yMS0xNzI0OTc4OA.html,同上,F5,句式模板族,F5,0.5,0.0,不属于,形式驱动,否
m016,我要验牌,2026,电影《赌侠2:上海滩赌圣》台词,台词复用,部分脱义,是,H,https://tidenews.com.cn/news.html?id=3439614,潮新闻亲读并给出电影出处;央视网列为校园烂梗,F4a,复读族·人力复读,F4a,1.5,1.0,靠近中心,形式驱动,否
m017,因为他善,2024,短视频口头禅(通行写法为'因为他善';用户所写'因为我善'为变体),句式模板,弱脱义,是,M,https://baike.baidu.com/item/%E5%9B%A0%E4%B8%BA%E4%BB%96%E5%96%84,"游侠梗百科2024榜收录,故属2024年梗而非2025;百度百科页为JS空壳,证据等级降为M",F5,句式模板族,F5,0.5,0.0,不属于,形式驱动,否
m018,包的,2026,网络黑话('保证'的谐音),谐音,弱脱义,是,H,https://finance.sina.com.cn/jjxw/2025-11-05/doc-infwismz2962038.shtml,央视新闻热评点名'包的''我嘞个逗''666',F3,谐音族,F3,0.5,0.0,不属于,意义驱动,否
m019,我嘞个逗,2026,方言谐音感叹,谐音,弱脱义,是,H,https://finance.sina.com.cn/jjxw/2025-11-05/doc-infwismz2962038.shtml,同上,F3,谐音族,F3,0.5,0.0,不属于,意义驱动,否
m020,栓Q,2022,英文 thank you 的空耳,空耳,完全脱义,是,M,UNKNOWN,空耳族经典样本;本轮未取到权威出处正文,F1,空耳族,F1,2.0,1.0,靠近中心,形式驱动,否
m021,尊嘟假嘟,2023,'真的假的'的卖萌式谐音,谐音,部分脱义,是,M,UNKNOWN,谐音族样本,F3,谐音族,F3,1.5,1.0,靠近中心,意义驱动,否
m022,芭比Q了,2021,英文 barbecue 空耳,空耳,完全脱义,是,H,http://www.news.cn/politics/20251104/014e7ab57cde4765be377d99029fa388/c.html,新华社新华视点亲读原文并点名,F1,空耳族,F1,2.0,1.0,靠近中心,意义驱动,否
m023,你好唐,2025,以'唐'指代唐氏综合征的侮辱性用法,谐音/贬义改编,部分脱义,否,H,http://www.news.cn/politics/20251104/014e7ab57cde4765be377d99029fa388/c.html,"新华社原文:'唐人'意指他人有唐氏综合征。属校园语言霸凌,官方定性为烂梗而非抽象",F3,谐音族,F3,1.5,1.0,靠近中心,意义驱动,否
m024,你个双肩包,2025,'你个神经病'的谐音,谐音,部分脱义,否,H,http://www.news.cn/politics/20251104/014e7ab57cde4765be377d99029fa388/c.html,"新华社原文点名,同属语言霸凌类烂梗",F3,谐音族,F3,1.5,1.0,靠近中心,意义驱动,否
m025,yyds,2021,'永远的神'拼音首字母缩写,缩写,弱脱义,否,H,http://paper.people.com.cn/rmrb/pc/content/202510/30/content_30112156.html,人民日报第10版亲读;被批评为'赞美的万能标签',F5,句式模板族,F5,0.5,0.0,不属于,意义驱动,否
m026,绝绝子,2021,网络赞美套话,句式模板,弱脱义,否,H,http://paper.people.com.cn/rmrb/pc/content/202510/30/content_30112156.html,人民日报点名;属'热梗'但一般不被称抽象,F5,句式模板族,F5,0.5,0.0,不属于,意义驱动,否
m027,666,2018,数字谐音'溜',谐音,弱脱义,否,H,https://finance.sina.com.cn/jjxw/2025-11-05/doc-infwismz2962038.shtml,央视新闻热评点名,F3,谐音族,F3,0.5,0.0,不属于,意义驱动,否
m028,鸡你太美,2019,蔡徐坤选秀节目台词空耳,空耳/鬼畜,完全脱义,是,H,https://www.bianews.com/news/details?id=238808,"差评文列为鬼畜区黄金期代表作;2019年律师函导致下架。中文形式不构成合法语义,判为完全脱义",F1,空耳族,F1|F4b,2.0,1.0,靠近中心,形式驱动,否
m029,马保国/接化发/不讲武德,2020,武术界人物马保国的真实比赛与采访视频(事件驱动),事件驱动,部分脱义,是,H,https://www.bianews.com/news/details?id=238808,"差评文列为鬼畜区山头之一;2020年11月人民日报批评后B站限制审核。以真实人物真实事件为素材,故主族为事件驱动族而非鬼畜",F8,事件驱动族,F8,1.5,1.0,靠近中心,形式驱动,否
m030,听我说谢谢你,2022,抗疫手势舞儿歌,动作模仿/场景复用,弱脱义,否,L,UNKNOWN,"反例候选:由明确语境驱动,含义清晰,通常被称'烂梗'而非'抽象'",F2b,动作族·原生型,F2b,0.5,0.0,不属于,意义驱动,否
m031,大展鸿图,2025,粤语说唱歌曲及舞蹈挑战,动作模仿,弱脱义,待判,M,https://turnnewsapp.com/livenews/chinav3/20250719002944-260409,"关键反例候选:同样是全民模仿的魔性舞蹈,但意义与情绪明确——用来检验'抽象'与'魔性挑战'的边界",F2b,动作族·原生型,F2b,0.5,0.0,不属于,意义驱动,否
m032,What the dog doing?,2024,"英文母梗,我的刀盾的源头",跨语言对照,原义完整,否,H,https://tidenews.com.cn/news.html?id=3439614,"跨语言证据:同一形式在英语圈指'那只狗在干什么',进入中文后脱义成'我的刀盾'。归属参照族 F0 而非 F1——它是镜子的另一面,不是抽象现象成员",F0,学术义参照族,F0,0.0,0.0,不属于,外来对照,否
m033,比博燃,2020,日语借用/谐音,外来借用,部分脱义,是,L,UNKNOWN,待补证,F1,空耳族,F1,1.5,1.0,靠近中心,形式驱动,否
m034,欧金金,2022,日语空耳借用,外来借用,完全脱义,是,L,UNKNOWN,待补证,F1,空耳族,F1,2.0,1.0,靠近中心,形式驱动,否
m035,抽象话,2015,斗鱼6324直播间/抽象工作室的话语形式,话语体系,部分脱义,是,H,https://baike.baidu.com/item/%E6%8A%BD%E8%B1%A1%E8%AF%9D/2116047,百度百科原文:'大量脏话、emoji、拼音首字母缩写、四川方言及直播间相关梗',F7,话语体系族,F7,1.5,1.0,靠近中心,形式驱动,否
m036,抽象工作室,2015-09-01,"李赣成立,直播间更名'抽象TV','抽象'由此得名",机构命名,原义完整,是,H,https://baike.baidu.com/item/%E6%8A%BD%E8%B1%A1%E8%AF%9D/2116047,"命名起点:2013年李赣在AcFun 6324开播,2014年转斗鱼,2015-09-01成立工作室",F7,话语体系族,F7,0.0,0.0,不属于,形式驱动,否
m037,废话文学,2021,网络文体:说了等于没说,句式模板,弱脱义,是,H,https://wapbaike.baidu.com/item/%E7%8E%A9%E6%8A%BD%E8%B1%A1/1789915532,百度百科'玩抽象'原文列为核心要义之一:一本正经胡说八道,F5,句式模板族,F5,0.5,0.0,不属于,形式驱动,否
m038,发疯文学,2021,网络文体:以极端情绪文字表达诉求,句式模板,弱脱义,否,L,UNKNOWN,"邻近概念,需判定与抽象的关系",F5,句式模板族,F5,0.5,0.0,不属于,意义驱动,否
m039,抽象直播/猎奇整活,2013,李赣6324直播间的猎奇直播风格,行为整活,部分脱义,是,H,https://finance.sina.cn/2025-01-03/detail-inecthkn8559377.d.html,"人民日报评论:'有主播在镜头前扮演荒诞的形象,猎奇的直播风格吸引了一批粉丝'",F6,行为整活族,F6,1.5,1.0,靠近中心,形式驱动,否
m040,模仿家长反套路带娃,2026,家长用孩子的口头禅回怼('我要验牌''给我擦皮鞋'然后'颗秒'),行为整活,弱脱义,是,H,https://tidenews.com.cn/news.html?id=3439614,潮新闻亲读:家长'用魔法打败魔法',F6,行为整活族,F6,0.5,0.0,不属于,形式驱动,否
m041,一个馒头引发的血案,2005,胡戈恶搞视频,恶搞/解构,半脱义,是(回溯),H,https://wyb.chinawriter.com.cn/content/202501/20/content77868.html,《文艺报》张学谦原文列为'骨子里散发着抽象气息',F4b,复读族·技术复读,F4b,1.5,1.0,靠近中心,形式驱动,否
m042,中国勇夺世界杯,2006,恶搞视频,恶搞/解构,半脱义,是(回溯),H,https://wyb.chinawriter.com.cn/content/202501/20/content77868.html,《文艺报》同段列举,F4b,复读族·技术复读,F4b,1.5,1.0,靠近中心,形式驱动,否
m043,小兵的故事/东北人都是活雷锋,2000s,早期Flash动画,恶搞/解构,半脱义,是(回溯),H,https://wyb.chinawriter.com.cn/content/202501/20/content77868.html,《文艺报》原文:'深得如今所谓抽象的精髓',F4b,复读族·技术复读,F4b,1.5,1.0,靠近中心,形式驱动,否
m044,早期B站弹幕,2009+,二次元视频网站弹幕文化,话语体系,部分脱义,是(回溯),H,https://wyb.chinawriter.com.cn/content/202501/20/content77868.html,《文艺报》原文:'早期B站的视频弹幕本身就已经构成一种天然的抽象',F7,话语体系族,F7,1.5,1.0,靠近中心,形式驱动,否
m045,火星文,2006,早期网络语言:符号、变异汉字、方言、外来语混用,话语体系,部分脱义,否,H,https://www.peopleapp.com/column/30051029267-500007266040,《人民论坛》原文称其为抽象文化的前身;但本身通常不被叫抽象,F7,话语体系族,F7,1.5,1.0,靠近中心,形式驱动,否
m046,Duang,2015,成龙洗发水广告被鬼畜,鬼畜,完全脱义,否,H,https://www.bianews.com/news/details?id=238808,"反例候选:空耳脱义程度极高,但公众标签是'鬼畜'而非'抽象'",F4b,复读族·技术复读,F4b,2.0,1.0,靠近中心,特定形式,否
m047,Are you OK,2015,雷军发布会英语被鬼畜成歌,鬼畜,部分脱义,否,H,https://www.bianews.com/news/details?id=238808,反例候选:差评文与Duang并列,F4b,复读族·技术复读,F4b,1.5,1.0,靠近中心,特定形式,否
m048,金坷垃,2012,化肥广告鬼畜,鬼畜,完全脱义,否,H,https://www.bianews.com/news/details?id=238808,反例候选:差评文列为鬼畜早期代表,F4b,复读族·技术复读,F4b,2.0,1.0,靠近中心,特定形式,否
m049,元首的愤怒,2012,电影《帝国的毁灭》片段空耳鬼畜,鬼畜/空耳,完全脱义,否,H,https://www.bianews.com/news/details?id=238808,反例候选:'我从河北省来'是经典空耳,F4b,复读族·技术复读,F4b|F1,2.0,1.0,靠近中心,特定形式,否
m050,蓝瘦香菇,2016,方言口音视频,谐音,部分脱义,否,L,UNKNOWN,反例候选:谐音梗但通常不被称抽象,F3,谐音族,F3,1.5,1.0,靠近中心,形式驱动,否
m051,抽象喜剧,2026,综艺《喜人奇妙夜》等的新喜剧风格,文艺形态,部分脱义,是,H,https://www.zgwypl.com/content/details48_447702.html,戴硕列为三特征:已读乱回、情绪突转、意义旁落;《喜人奇妙夜》全员模仿闪身步,F5,句式模板族,F5,1.5,1.0,靠近中心,形式驱动,否
m052,"轻舟已过万重山,乌蒙山连着山外山",2025,刻意错接的诗词拼接,句式模板,部分脱义,是,H,https://www.peopleapp.com/column/30051029267-500007266040,《人民论坛》原文列举的抽象话语文本,F5,句式模板族,F5,1.5,1.0,靠近中心,形式驱动,否
m053,"每天都好焦虑啊,嘿嘿,焦焦的好好吃啊",2025,情绪反逻辑接续,句式模板,部分脱义,是,H,https://www.peopleapp.com/column/30051029267-500007266040,《人民论坛》原文列举,F5,句式模板族,F5,1.5,1.0,靠近中心,形式驱动,否
m054,"生活如果给我一拳,那会一拳打在棉花上",2025,反逻辑自嘲,句式模板,部分脱义,是,H,https://www.peopleapp.com/column/30051029267-500007266040,《人民论坛》原文列举,F5,句式模板族,F5,1.5,1.0,靠近中心,形式驱动,否
m055,因为我善(怼脸句式),2026,短视频里的无逻辑自辩,句式模板,弱脱义,是,M,https://tidenews.com.cn/news.html?id=3439614,"同 m017,此处作为句式族样本",F5,句式模板族,F5,0.5,0.0,不属于,形式驱动,否
m056,抽象整活式演唱会/明星下场,2026,汪苏泷、杨迪、单依纯、闫妮、周笔畅、叶童等接力翻跳闪身步,二创衍生,弱脱义,是,H,https://news.qq.com/rain/a/20260926A09SJB00,明星接力是破圈的关键节点;播放超6亿(平台口径),F4a,复读族·人力复读,F4a,0.5,0.0,不属于,形式驱动,否
m057,非遗翻跳,2026,网友翻跳鼓子秧歌/花鼓灯动作,动作模仿,部分脱义,是,H,http://news.e23.cn/shandong/2026-09-25/2026092500018.html,济南舜网报道动作来源于山东鼓子秧歌,F2b,动作族·原生型,F2b,1.5,1.0,靠近中心,形式驱动,否
m058,Z世代自嘲整活,2026,泛指以荒诞言行娱乐众人的青年行为,行为整活,部分脱义,是,H,https://wapbaike.baidu.com/item/%E7%8E%A9%E6%8A%BD%E8%B1%A1/1789915532,百度百科'玩抽象'定义范围,F6,行为整活族,F6,1.5,1.0,靠近中心,形式驱动,否
m059,抽象(文艺批评用法),2026,王颖评舞台剧:形式大而无当、内核空空如也,术语挪用,语义反转,是,H,https://wenyi.gmw.cn/2026-06/09/content_38818671.htm,"同一词被挪作文艺批评术语,与网络义相反:这里指'壳大无核'",F9,术语挪用族,F9,0.5,0.5,边缘,不适用,否
m060,抽象(哲学术语),汉译以来,从具体事物中抽取共同属性的思维过程,学术义项,原义完整,否,H,https://wapbaike.baidu.com/item/%E6%8A%BD%E8%B1%A1/65234720,"《现代汉语词典》第7版义项①;与网络义构成同形异义,是本体的必要参照点",F0,学术义参照族,F0,0.0,0.0,不属于,不适用,否
m061,颗秒(非『糖秒』),2025,博主「瓦瓦」的《无畏契约》小短剧(2025-11);游侠梗百科另立词条『颗秒邦邦邦邦』,句式模板,弱脱义,是,M,https://tidenews.com.cn/news.html?id=3439614,"**事实纠正**:通行写法是『颗秒』,检索未发现『糖秒』这一写法。潮新闻原文写出『颗秒!』",F5,句式模板族,F5,0.5,0.0,不属于,形式驱动,否
m062,曼波,2025,空耳/音效类网络热梗,空耳,完全脱义,是,M,https://m.ali213.net/news/gl2511/1716097.html,侦察列入空耳类7条之一;出处细节待补,F1,空耳族,F1,2.0,1.0,靠近中心,形式驱动,否
m063,高雅人士企鹅舞,2025,『高雅人士』+企鹅舞的复合梗,动作模仿,部分脱义,是,M,https://baike.baidu.com/item/%E9%AB%98%E9%9B%85%E4%BA%BA%E5%A3%AB%E4%BC%81%E9%B9%85%E8%88%9E,"同名百度百科条目页号为JS空壳,证据等级降为M",F2b,动作族·原生型,F2b,1.5,1.0,靠近中心,形式驱动,否
m064,丝瓜汤,2025,短视频热梗,句式模板,弱脱义,是,M,https://www.yunyingpai.com/news/1058069.html,硬锚点:HARD_抽象_运营派导语列举,F5,句式模板族,F5,0.5,0.0,不属于,形式驱动,否
m065,如何呢又能怎,2025,短视频热梗,句式模板,弱脱义,是,M,https://www.yunyingpai.com/news/1058069.html,硬锚点:HARD_抽象_运营派导语列举,F5,句式模板族,F5,0.5,0.0,不属于,形式驱动,否
m066,××基础××不基础,2025,句式模板类热梗,句式模板,弱脱义,是,M,https://www.yunyingpai.com/news/1058069.html,硬锚点:HARD_抽象_运营派导语列举,F5,句式模板族,F5,0.5,0.0,不属于,形式驱动,否
m067,咆哮体,2025,以极端语气宣泄的网络文体,句式模板,弱脱义,是,M,https://www.nfnews.com/content/G3OAwrR8or.html,硬锚点:HARD_抽象_南方+/新周刊原文『营造出一种抽象的氛围』,F5,句式模板族,F5,0.5,0.0,不属于,形式驱动,否
m068,新号别搞,2025,网文弹幕用语,句式模板,弱脱义,待判,L,UNKNOWN,"**未找到可信出处**:仅见知乎盐选网文弹幕与TapTap社区贴,侦察判定为不可落定",F5,句式模板族,F5,0.5,0.0,不属于,意义驱动,否
